{
  "op": "vector_indexer",
  "attributes": {
    "key_10_keys": {
      "double": [0.0, 1.0, 2.0, 3.0],
      "type": "list"
    },
    "key_11_values": {
      "long": [0, 5, 10, 24, 37, 25, 14, 20, 29, 1, 6, 28, 38, 21, 33, 9, 13, 2, 32, 34, 17, 22, 27, 12, 7, 39, 3, 35, 18, 16, 31, 11, 26, 23, 8, 36, 30, 19, 4, 15],
      "type": "list"
    },
    "key_10_values": {
      "long": [0, 1, 2, 3],
      "type": "list"
    },
    "key_11_keys": {
      "double": [0.0, 5.0, 10.0, 24.0, 37.0, 25.0, 14.0, 20.0, 29.0, 1.0, 6.0, 28.0, 38.0, 21.0, 33.0, 9.0, 13.0, 2.0, 32.0, 34.0, 17.0, 22.0, 27.0, 12.0, 7.0, 39.0, 3.0, 35.0, 18.0, 16.0, 31.0, 11.0, 26.0, 23.0, 8.0, 36.0, 30.0, 19.0, 4.0, 15.0],
      "type": "list"
    },
    "keys": {
      "long": [10, 11],
      "type": "list"
    },
    "num_features": {
      "long": 12
    }
  }
}