{
  "name": "vecAssembler_558cb4ca0bd4",
  "shape": {
    "inputs": [{
      "port": "input0",
      "name": "Elevation"
    }, {
      "port": "input1",
      "name": "Aspect"
    }, {
      "port": "input2",
      "name": "Slope"
    }, {
      "port": "input3",
      "name": "Horizontal_Distance_To_Hydrology"
    }, {
      "port": "input4",
      "name": "Vertical_Distance_To_Hydrology"
    }, {
      "port": "input5",
      "name": "Horizontal_Distance_To_Roadways"
    }, {
      "port": "input6",
      "name": "Hillshade_9am"
    }, {
      "port": "input7",
      "name": "Hillshade_Noon"
    }, {
      "port": "input8",
      "name": "Hillshade_3pm"
    }, {
      "port": "input9",
      "name": "Horizontal_Distance_To_Fire_Points"
    }, {
      "port": "input10",
      "name": "wilderness"
    }, {
      "port": "input11",
      "name": "soil"
    }],
    "outputs": [{
      "port": "output",
      "name": "featureVector"
    }]
  }
}